"Country,Continent,Capital,ISO_Code,Travel_Accessibility,Visa_Policy_General,Tourism_Friendly,Safety_Level,Notes"
"Afghanistan,Asia,Kabul,AF,Very Restricted,Visa Required,Low,High Risk,Travel advisories in place"
"Albania,Europe,Tirana,AL,Accessible,Visa-free for many,High,Medium,EU candidate country"
"Algeria,Africa,Algiers,DZ,Moderate,Visa Required,Medium,Medium,Tourist visa required"
"Andorra,Europe,Andorra la Vella,AD,Very Accessible,Visa-free for most,High,Low,No airport - access via Spain/France"
"Angola,Africa,Luanda,AO,Restricted,Visa Required,Low,Medium,Tourist visa required"
"Antigua and Barbuda,North America,Saint Johns,AG,Very Accessible,Visa-free for many,High,Low,Caribbean tourism hub"
"Argentina,South America,Buenos Aires,AR,Very Accessible,Visa-free for many,High,Medium,Popular tourist destination"
"Armenia,Asia,Yerevan,AM,Accessible,eVisa/Visa on arrival,Medium,Medium,Growing tourism sector"
"Australia,Oceania,Canberra,AU,Accessible,eVisa for most,High,Low,ETA system for many countries"
"Austria,Europe,Vienna,AT,Very Accessible,Schengen Area,High,Low,EU member - Schengen"
"Azerbaijan,Asia,Baku,AZ,Moderate,eVisa available,Medium,Medium,eVisa system in place"
"Bahamas,North America,Nassau,BS,Very Accessible,Visa-free for many,High,Low,Major cruise destination"
"Bahrain,Asia,Manama,BH,Accessible,Visa on arrival,Medium,Medium,Gulf tourism hub"
"Bangladesh,Asia,Dhaka,BD,Moderate,Visa Required,Low,Medium,Tourist visa required"
"Barbados,North America,Bridgetown,BB,Very Accessible,Visa-free for many,High,Low,Caribbean tourism"
"Belarus,Europe,Minsk,BY,Restricted,Visa Required,Low,High Risk,Limited tourist access"
"Belgium,Europe,Brussels,BE,Very Accessible,Schengen Area,High,Low,EU member - Schengen"
"Belize,North America,Belmopan,BZ,Accessible,Visa-free for many,Medium,Medium,English-speaking Central America"
"Benin,Africa,Porto-Novo,BJ,Moderate,Visa Required,Low,Medium,West African destination"
"Bhutan,Asia,Thimphu,BT,Restricted,Tourist visa required,Medium,Low,Controlled tourism policy"
"Bolivia,South America,Sucre,BO,Accessible,Visa on arrival,Medium,Medium,Tourist visa available"
"Bosnia and Herzegovina,Europe,Sarajevo,BA,Accessible,Visa-free for many,Medium,Low,Balkan tourism growing"
"Botswana,Africa,Gaborone,BW,Accessible,Visa-free for many,Medium,Low,Safari destination"
"Brazil,South America,Brasilia,BR,Very Accessible,Visa-free for many,High,Medium,Major tourist destination"
"Brunei,Asia,Bandar Seri Begawan,BN,Accessible,Visa-free for many,Medium,Low,Small sultanate"
"Bulgaria,Europe,Sofia,BG,Very Accessible,EU member,High,Low,EU member"
"Burkina Faso,Africa,Ouagadougou,BF,Restricted,Visa Required,Low,High Risk,Security concerns"
"Burundi,Africa,Gitega,BI,Restricted,Visa Required,Low,High Risk,Limited tourism"
"Cambodia,Asia,Phnom Penh,KH,Accessible,eVisa/Visa on arrival,Medium,Medium,Popular backpacker destination"
"Cameroon,Africa,Yaounde,CM,Moderate,Visa Required,Low,Medium,Central African destination"
"Canada,North America,Ottawa,CA,Very Accessible,eTA for visa-exempt,High,Low,Major tourist destination"
"Cape Verde,Africa,Praia,CV,Accessible,Visa on arrival,Medium,Low,Island nation tourism"
"Central African Republic,Africa,Bangui,CF,Restricted,Visa Required,Low,High Risk,Security issues"
"Chad,Africa,NDjamena,TD,Restricted,Visa Required,Low,High Risk,Limited access"
"Chile,South America,Santiago,CL,Very Accessible,Visa-free for many,High,Low,Popular South American destination"
"China,Asia,Beijing,CN,Moderate,Visa Required,Medium,Medium,Transit visa exemptions available"
"Colombia,South America,Bogota,CO,Accessible,Visa-free for many,High,Medium,Growing tourism"
"Comoros,Africa,Moroni,KM,Accessible,Visa on arrival,Low,Medium,Island nation"
"Congo (Brazzaville),Africa,Brazzaville,CG,Moderate,Visa Required,Low,Medium,Central African destination"
"Congo (DRC),Africa,Kinshasa,CD,Restricted,Visa Required,Low,High Risk,Security concerns"
"Costa Rica,North America,San Jose,CR,Very Accessible,Visa-free for many,High,Low,Popular Central American destination"
"Croatia,Europe,Zagreb,HR,Very Accessible,EU member,High,Low,EU member"
"Cuba,North America,Havana,CU,Moderate,Tourist card required,Medium,Low,Special entry requirements"
"Cyprus,Europe,Nicosia,CY,Very Accessible,EU member,High,Low,EU member"
"Czech Republic,Europe,Prague,CZ,Very Accessible,Schengen Area,High,Low,EU member - Schengen"
"Denmark,Europe,Copenhagen,DK,Very Accessible,Schengen Area,High,Low,EU member - Schengen"
"Djibouti,Africa,Djibouti,DJ,Moderate,Visa Required,Low,Medium,Small Horn of Africa nation"
"Dominica,North America,Roseau,DM,Accessible,Visa-free for many,Medium,Low,Caribbean island"
"Dominican Republic,North America,Santo Domingo,DO,Very Accessible,Visa-free for many,High,Medium,Popular Caribbean destination"
"East Timor,Asia,Dili,TL,Moderate,Visa on arrival,Low,Medium,Small nation"
"Ecuador,South America,Quito,EC,Very Accessible,Visa-free for many,High,Medium,Popular tourist destination"
"Egypt,Africa,Cairo,EG,Accessible,eVisa/Visa on arrival,Medium,Medium,Major historical destination"
"El Salvador,North America,San Salvador,SV,Accessible,Visa-free for many,Medium,Medium,Central American destination"
"Equatorial Guinea,Africa,Malabo,GQ,Restricted,Visa Required,Low,Medium,Limited tourism"
"Eritrea,Africa,Asmara,ER,Restricted,Visa Required,Low,High Risk,Very limited access"
"Estonia,Europe,Tallinn,EE,Very Accessible,Schengen Area,High,Low,EU member - Schengen"
"Eswatini,Africa,Mbabane,SZ,Accessible,Visa-free for many,Low,Medium,Small African kingdom"
"Ethiopia,Africa,Addis Ababa,ET,Moderate,eVisa available,Medium,Medium,Historical destination"
"Fiji,Oceania,Suva,FJ,Very Accessible,Visa-free for many,High,Low,Popular Pacific destination"
"Finland,Europe,Helsinki,FI,Very Accessible,Schengen Area,High,Low,EU member - Schengen"
"France,Europe,Paris,FR,Very Accessible,Schengen Area,High,Low,EU member - Schengen"
"Gabon,Africa,Libreville,GA,Moderate,eVisa available,Low,Medium,Central African nation"
"Gambia,Africa,Banjul,GM,Accessible,Visa-free for many,Low,Medium,Small West African nation"
"Georgia,Asia,Tbilisi,GE,Very Accessible,Visa-free for many,High,Low,Growing tourism destination"
"Germany,Europe,Berlin,DE,Very Accessible,Schengen Area,High,Low,EU member - Schengen"
"Ghana,Africa,Accra,GH,Accessible,Visa on arrival,Medium,Medium,West African destination"
"Greece,Europe,Athens,GR,Very Accessible,Schengen Area,High,Low,EU member - Schengen"
"Grenada,North America,Saint Georges,GD,Very Accessible,Visa-free for many,High,Low,Caribbean tourism"
"Guatemala,North America,Guatemala City,GT,Accessible,Visa-free for many,Medium,Medium,Central American destination"
"Guinea,Africa,Conakry,GN,Moderate,Visa Required,Low,Medium,West African nation"
"Guinea-Bissau,Africa,Bissau,GW,Moderate,Visa on arrival,Low,Medium,Small West African nation"
"Guyana,South America,Georgetown,GY,Accessible,Visa-free for many,Low,Medium,South American nation"
"Haiti,North America,Port-au-Prince,HT,Accessible,Visa-free for many,Low,High Risk,Security concerns"
"Honduras,North America,Tegucigalpa,HN,Accessible,Visa-free for many,Medium,High Risk,Security issues in some areas"
"Hungary,Europe,Budapest,HU,Very Accessible,Schengen Area,High,Low,EU member - Schengen"
"Iceland,Europe,Reykjavik,IS,Very Accessible,Schengen Area,High,Low,Popular Nordic destination"
"India,Asia,New Delhi,IN,Moderate,eVisa available,Medium,Medium,Major destination with eVisa"
"Indonesia,Asia,Jakarta,ID,Very Accessible,Visa-free for many,High,Medium,Popular Southeast Asian destination"
"Iran,Asia,Tehran,IR,Restricted,Visa Required,Low,High Risk,Limited tourism access"
"Iraq,Asia,Baghdad,IQ,Restricted,Visa Required,Low,High Risk,Security concerns"
"Ireland,Europe,Dublin,IE,Very Accessible,EU member,High,Low,EU member"
"Israel,Asia,Jerusalem,IL,Accessible,Visa-free for many,High,Medium,Tourist destination"
"Italy,Europe,Rome,IT,Very Accessible,Schengen Area,High,Low,EU member - Schengen"
"Jamaica,North America,Kingston,JM,Very Accessible,Visa-free for many,High,Medium,Popular Caribbean destination"
"Japan,Asia,Tokyo,JP,Accessible,Visa-free for many,High,Low,Major tourist destination"
"Jordan,Asia,Amman,JO,Accessible,Visa on arrival,Medium,Medium,Historical destination"
"Kazakhstan,Asia,Nur-Sultan,KZ,Moderate,Visa-free for some,Medium,Medium,Central Asian destination"
"Kenya,Africa,Nairobi,KE,Accessible,eVisa available,Medium,Medium,Safari destination"
"Kiribati,Oceania,Tarawa,KI,Accessible,Visa-free for many,Low,Low,Small Pacific nation"
"Kuwait,Asia,Kuwait City,KW,Accessible,eVisa available,Medium,Low,Gulf destination"
"Kyrgyzstan,Asia,Bishkek,KG,Accessible,Visa-free for many,Medium,Medium,Central Asian destination"
"Laos,Asia,Vientiane,LA,Accessible,Visa on arrival,Medium,Medium,Southeast Asian destination"
"Latvia,Europe,Riga,LV,Very Accessible,Schengen Area,High,Low,EU member - Schengen"
"Lebanon,Asia,Beirut,LB,Moderate,Visa on arrival,Medium,High Risk,Political instability"
"Lesotho,Africa,Maseru,LS,Accessible,Visa-free for many,Low,Medium,Landlocked African kingdom"
"Liberia,Africa,Monrovia,LR,Moderate,Visa Required,Low,Medium,West African nation"
"Libya,Africa,Tripoli,LY,Restricted,Visa Required,Low,High Risk,Security concerns"
"Liechtenstein,Europe,Vaduz,LI,Very Accessible,Schengen Area,High,Low,Small European principality"
"Lithuania,Europe,Vilnius,LT,Very Accessible,Schengen Area,High,Low,EU member - Schengen"
"Luxembourg,Europe,Luxembourg,LU,Very Accessible,Schengen Area,High,Low,EU member - Schengen"
"Madagascar,Africa,Antananarivo,MG,Accessible,Visa on arrival,Medium,Medium,Island destination"
"Malawi,Africa,Lilongwe,MW,Accessible,Visa on arrival,Low,Medium,Landlocked African nation"
"Malaysia,Asia,Kuala Lumpur,MY,Very Accessible,Visa-free for many,High,Low,Popular Southeast Asian destination"
"Maldives,Asia,Male,MV,Very Accessible,Visa on arrival,High,Low,Popular luxury destination"
"Mali,Africa,Bamako,ML,Restricted,Visa Required,Low,High Risk,Security concerns"
"Malta,Europe,Valletta,MT,Very Accessible,Schengen Area,High,Low,EU member - Schengen"
"Marshall Islands,Oceania,Majuro,MH,Accessible,Visa-free for many,Low,Low,Small Pacific nation"
"Mauritania,Africa,Nouakchott,MR,Moderate,Visa Required,Low,High Risk,Security concerns"
"Mauritius,Africa,Port Louis,MU,Very Accessible,Visa-free for many,High,Low,Popular island destination"
"Mexico,North America,Mexico City,MX,Very Accessible,Visa-free for many,High,Medium,Popular tourist destination"
"Micronesia,Oceania,Palikir,FM,Very Accessible,Visa-free for many,Low,Low,Small Pacific nation"
"Moldova,Europe,Chisinau,MD,Accessible,Visa-free for many,Medium,Medium,Eastern European destination"
"Monaco,Europe,Monaco,MC,Very Accessible,Same as France,High,Low,Luxury destination"
"Mongolia,Asia,Ulaanbaatar,MN,Accessible,Visa-free for some,Medium,Medium,Adventure destination"
"Montenegro,Europe,Podgorica,ME,Accessible,Visa-free for many,Medium,Low,Balkan tourism growing"
"Morocco,Africa,Rabat,MA,Very Accessible,Visa-free for many,High,Medium,Popular North African destination"
"Mozambique,Africa,Maputo,MZ,Moderate,Visa Required,Low,Medium,Southern African destination"
"Myanmar,Asia,Naypyidaw,MM,Restricted,Visa Required,Low,High Risk,Political instability"
"Namibia,Africa,Windhoek,NA,Accessible,Visa-free for many,Medium,Low,Safari destination"
"Nauru,Oceania,Yaren,NR,Accessible,Visa on arrival,Low,Low,Small Pacific nation"
"Nepal,Asia,Kathmandu,NP,Accessible,Visa on arrival,Medium,Medium,Popular trekking destination"
"Netherlands,Europe,Amsterdam,NL,Very Accessible,Schengen Area,High,Low,EU member - Schengen"
"New Zealand,Oceania,Wellington,NZ,Accessible,eVisa for most,High,Low,Popular destination"
"Nicaragua,North America,Managua,NI,Accessible,Visa-free for many,Medium,Medium,Central American destination"
"Niger,Africa,Niamey,NE,Restricted,Visa Required,Low,High Risk,Security concerns"
"Nigeria,Africa,Abuja,NG,Moderate,Visa Required,Medium,High Risk,Security concerns in some areas"
"North Korea,Asia,Pyongyang,KP,Very Restricted,Tour groups only,Low,High Risk,Extremely limited access"
"North Macedonia,Europe,Skopje,MK,Accessible,Visa-free for many,Medium,Low,Balkan destination"
"Norway,Europe,Oslo,NO,Very Accessible,Schengen Area,High,Low,Schengen member"
"Oman,Asia,Muscat,OM,Accessible,eVisa available,Medium,Low,Gulf tourism destination"
"Pakistan,Asia,Islamabad,PK,Restricted,Visa Required,Low,High Risk,Security concerns"
"Palau,Oceania,Ngerulmud,PW,Accessible,Visa-free for many,Medium,Low,Pacific diving destination"
"Panama,North America,Panama City,PA,Very Accessible,Visa-free for many,High,Medium,Central American hub"
"Papua New Guinea,Oceania,Port Moresby,PG,Moderate,Visa on arrival,Low,High Risk,Security concerns"
"Paraguay,South America,Asuncion,PY,Accessible,Visa-free for many,Medium,Medium,South American destination"
"Peru,South America,Lima,PE,Very Accessible,Visa-free for many,High,Medium,Popular tourist destination"
"Philippines,Asia,Manila,PH,Very Accessible,Visa-free for many,High,Medium,Popular Southeast Asian destination"
"Poland,Europe,Warsaw,PL,Very Accessible,Schengen Area,High,Low,EU member - Schengen"
"Portugal,Europe,Lisbon,PT,Very Accessible,Schengen Area,High,Low,EU member - Schengen"
"Qatar,Asia,Doha,QA,Accessible,Visa-free for many,High,Low,Gulf tourism hub"
"Romania,Europe,Bucharest,RO,Very Accessible,EU member,High,Low,EU member"
"Russia,Asia/Europe,Moscow,RU,Restricted,Visa Required,Low,High Risk,Limited access due to sanctions"
"Rwanda,Africa,Kigali,RW,Accessible,Visa on arrival,Medium,Low,Growing African destination"
"Saint Kitts and Nevis,North America,Basseterre,KN,Very Accessible,Visa-free for many,High,Low,Caribbean tourism"
"Saint Lucia,North America,Castries,LC,Very Accessible,Visa-free for many,High,Low,Popular Caribbean destination"
"Saint Vincent and the Grenadines,North America,Kingstown,VC,Very Accessible,Visa-free for many,High,Low,Caribbean islands"
"Samoa,Oceania,Apia,WS,Accessible,Visa on arrival,Medium,Low,Pacific destination"
"San Marino,Europe,San Marino,SM,Very Accessible,Same as Italy,High,Low,Small European nation"
"Sao Tome and Principe,Africa,Sao Tome,ST,Accessible,Visa on arrival,Low,Low,Small island nation"
"Saudi Arabia,Asia,Riyadh,SA,Accessible,eVisa available,Medium,Medium,Growing tourism sector"
"Senegal,Africa,Dakar,SN,Accessible,Visa-free for many,Medium,Medium,West African destination"
"Serbia,Europe,Belgrade,RS,Accessible,Visa-free for many,Medium,Low,Balkan destination"
"Seychelles,Africa,Victoria,SC,Very Accessible,Visa-free for all,High,Low,Luxury island destination"
"Sierra Leone,Africa,Freetown,SL,Moderate,Visa on arrival,Low,Medium,West African nation"
"Singapore,Asia,Singapore,SG,Very Accessible,Visa-free for many,High,Low,Major Asian hub"
"Slovakia,Europe,Bratislava,SK,Very Accessible,Schengen Area,High,Low,EU member - Schengen"
"Slovenia,Europe,Ljubljana,SI,Very Accessible,Schengen Area,High,Low,EU member - Schengen"
"Solomon Islands,Oceania,Honiara,SB,Accessible,Visa-free for many,Low,Medium,Pacific destination"
"Somalia,Africa,Mogadishu,SO,Restricted,Visa Required,Low,High Risk,Security concerns"
"South Africa,Africa,Cape Town,ZA,Accessible,Visa-free for many,High,Medium,Popular African destination"
"South Korea,Asia,Seoul,KR,Accessible,Visa-free for many,High,Low,Popular Asian destination"
"South Sudan,Africa,Juba,SS,Restricted,Visa Required,Low,High Risk,Security concerns"
"Spain,Europe,Madrid,ES,Very Accessible,Schengen Area,High,Low,EU member - Schengen"
"Sri Lanka,Asia,Colombo,LK,Accessible,eVisa available,Medium,Medium,Popular island destination"
"Sudan,Africa,Khartoum,SD,Restricted,Visa Required,Low,High Risk,Security concerns"
"Suriname,South America,Paramaribo,SR,Moderate,Visa Required,Low,Medium,Small South American nation"
"Sweden,Europe,Stockholm,SE,Very Accessible,Schengen Area,High,Low,EU member - Schengen"
"Switzerland,Europe,Bern,CH,Very Accessible,Schengen Area,High,Low,Schengen member"
"Syria,Asia,Damascus,SY,Restricted,Visa Required,Low,High Risk,Conflict zone"
"Taiwan,Asia,Taipei,TW,Accessible,Visa-free for many,High,Low,Popular Asian destination"
"Tajikistan,Asia,Dushanbe,TJ,Moderate,eVisa available,Low,Medium,Central Asian destination"
"Tanzania,Africa,Dodoma,TZ,Accessible,Visa on arrival,Medium,Medium,Safari destination"
"Thailand,Asia,Bangkok,TH,Very Accessible,Visa-free for many,High,Low,Very popular destination"
"Togo,Africa,Lome,TG,Moderate,Visa on arrival,Low,Medium,West African nation"
"Tonga,Oceania,Nukualofa,TO,Accessible,Visa-free for many,Low,Low,Pacific kingdom"
"Trinidad and Tobago,North America,Port of Spain,TT,Accessible,Visa-free for many,Medium,Medium,Caribbean destination"
"Tunisia,Africa,Tunis,TN,Accessible,Visa-free for some,Medium,Medium,North African destination"
"Turkey,Asia/Europe,Ankara,TR,Accessible,eVisa for most,High,Medium,Popular destination"
"Turkmenistan,Asia,Ashgabat,TM,Restricted,Visa Required,Low,Medium,Limited tourism"
"Tuvalu,Oceania,Funafuti,TV,Accessible,Visa on arrival,Low,Low,Small Pacific nation"
"Uganda,Africa,Kampala,UG,Accessible,Visa on arrival,Medium,Medium,East African destination"
"Ukraine,Europe,Kyiv,UA,Restricted,Visa-free suspended,Low,High Risk,War zone"
"United Arab Emirates,Asia,Abu Dhabi,AE,Very Accessible,Visa-free for many,High,Low,Major tourism hub"
"United Kingdom,Europe,London,GB,Accessible,Visa required for most,High,Low,Major destination"
"United States,North America,Washington DC,US,Moderate,ESTA/Visa required,High,Low,Major destination"
"Uruguay,South America,Montevideo,UY,Very Accessible,Visa-free for many,High,Low,South American destination"
"Uzbekistan,Asia,Tashkent,UZ,Accessible,eVisa available,Medium,Medium,Central Asian destination"
"Vanuatu,Oceania,Port Vila,VU,Very Accessible,Visa-free for most,Medium,Low,Pacific destination"
"Vatican City,Europe,Vatican City,VA,Very Accessible,Same as Italy,High,Low,Religious destination"
"Venezuela,South America,Caracas,VE,Restricted,Visa Required,Low,High Risk,Economic crisis"
"Vietnam,Asia,Hanoi,VN,Accessible,eVisa available,High,Low,Popular Southeast Asian destination"
"Yemen,Asia,Sanaa,YE,Restricted,Visa Required,Low,High Risk,Conflict zone"
"Zambia,Africa,Lusaka,ZM,Accessible,eVisa available,Medium,Medium,Southern African destination"
"Zimbabwe,Africa,Harare,ZW,Accessible,Visa on arrival,Medium,Medium,Southern African destination"